ALA790GLU,LEU902LYS,32.59
THR785ASP,ALA790GLU,29.01
ALA790TYR,LEU902LYS,33.74
THR785ASP,ALA790TYR,29.59
THR785ASP,LEU902LYS,35.19
GLN938ARG,ALA790ASP,32.52
GLN938ARG,ALA790GLU,33.26
GLN938ARG,THR785GLU,34.57
GLN938ARG,THR786GLU,35.25
LEU902LYS,ALA790GLU,33.32
GLU783ALA,ARG903GLU,20
GLU783ARG,ARG903GLU,19.29
GLU783ILE,ARG903GLU,19.57
GLU783LYS,ARG903GLU,19.61
GLU783VAL,ARG903GLU,19.39
GLU783ASP,ARG903ALA,26.36
GLU783ASP,ARG903CYS,26.82
GLU783ASP,ARG903GLU,22.52
GLU783ASP,ARG903SER,25.48
LEU902ASP,ALA790ILE,19.28
LEU902LYS,ALA790ARG,35.37
LEU902LYS,ALA790LYS,36.34
PRO907ARG,ALA790ARG,32.48
PRO907ARG,LEU902LYS,37.23
PRO907LYS,LEU902LYS,36.01
GLN938ASP,ARG903GLU,21.31
GLU783ASP,ARG903VAL,25.65
PRO907LYS,ALA790LYS,32.6
GLN938GLU,ARG903GLU,23.29
GLU783ASP,ARG903CYS,26.82
GLU783ASP,ARG903VAL,25.65
PRO907ARG,ALA790LYS,32.41
PRO907LYS,ALA790ARG,33.94
PRO907LYS,ALA790LYS,32.6
THR785LYS,LEU902LYS,30.62
THR791ASP,ARG903GLU,21.16
THR791GLU,ARG903GLU,18.06
ARG903GLU,ALA790CYS,21.61
ARG903GLU,ALA790ASN,21.84
ARG903GLU,ALA790LEU,22.72
ARG903GLU,ALA790ILE,22.99
ARG903GLU,ALA790VAL,22.69
ARG903GLU,ALA790PHE,21.76
ARG903GLU,ALA790MET,22.52
GLU783CYS,ALA790LEU,27.65
GLU783CYS,ALA790ILE,27.15
GLU783ILE,ALA790CYS,28.89
GLU783LEU,ALA790CYS,28.14
PHE788ARG,LEU902LYS,35.45
PHE788ARG,LEU902TRP,31.46
PHE788ASP,ARG903GLU,21.74
PHE788GLN,GLN938PHE,29.72
PHE788GLU,ARG903GLU,20.82
PHE788LYS,LEU902TRP,30.94
PHE788LYS,LEU902LYS,35.44
PHE788SER,GLN938TRP,31.99
PHE788TRP,GLN938SER,29.54
PRO907ARG,PHE788ARG,32.53
PRO907ARG,LEU902LYS,37.22
PRO907ASN,ALA790ASP,32.16
PRO907ASP,ALA790ASN,24.81
PRO907GLU,ALA790THR,24.27
PRO907THR,ALA790GLU,30.76
THR785VAL,THR786CYS,30.07
THR791GLN,THR785TRP,29.79
THR791TRP,THR785GLN,30.01
LEU902GLU,ALA790ILE,23.07
PRO907GLU,ARG903GLU,21.21
LEU902GLU,ALA790MET,23.02
LEU902GLU,ALA790VAL,23.97
LEU902GLU,ALA790LEU,23.12
LEU902GLN,ALA790LYS,29.42
GLU783TYR,ARG903GLU,19.75
PRO907ALA,ARG903GLU,22.33
ARG903GLU,ALA790GLU,21.74
PHE788ARG,LEU902LYS,35.45
PRO907VAL,ARG903GLU,22.74
PHE788LYS,ALA790SER,30.46
ARG903GLU,LEU902ALA,22.24
PHE788LYS,ALA790THR,29.58
THR791ALA,ARG903GLU,22.03
PHE788LYS,ALA790PRO,31.52
PHE788LYS,ALA790VAL,29.37
PRO907LYS,PHE788LYS,34.31
PRO907SER,ARG903GLU,24.46
THR785ALA,ARG903GLU,21.74
GLU783TRP,ARG903GLU,20
PHE788LYS,LEU902LYS,35.44
GLU783PHE,ARG903GLU,20.16
PRO907CYS,ARG903GLU,21.89
